﻿<?xml version="1.0" encoding="UTF-8" standalone="yes"?>
	<addon id="script.skin.helper.widgets" name="Skin Helper Service Widgets" version="1.0.36" provider-name="marcelveldt">
	<requires>
		<import addon="xbmc.python" version="2.24.0"/>
		<import addon="xbmc.addon" version="12.0.0"/>
        <import addon="script.module.metadatautils" version="1.0.0" />
        <import addon="script.module.simplecache" version="1.0.0"/>
	</requires>

	<extension point="xbmc.python.pluginsource" library="plugin.py">
        <provides>video audio</provides>
    </extension>
    <extension library="service.py" point="xbmc.service" start="login" />

	<extension point="xbmc.addon.metadata">
		<summary lang="en">Ready to use widgets for all kind of media types</summary>
        <description></description>
		<language></language>
		<platform>all</platform>
		<license>GPL v2.0</license>
		<forum>http://forum.kodi.tv/showthread.php?tid=235676</forum>
		<website></website>
		<source>https://github.com/marcelveldt/script.skin.helper.widgets</source>
	</extension>
</addon>